timestamp,elapsed_seconds,cpu_percent,ram_used_gb,ram_percent
2026-04-15T17:02:49.882008,1.0,59.2,10.95,93.4
2026-04-15T17:02:50.884313,2.0,50.3,10.96,93.4
2026-04-15T17:02:51.887433,3.0,47.2,10.97,93.5
2026-04-15T17:02:52.890221,4.0,56.1,10.97,93.5
2026-04-15T17:02:53.893765,5.0,56.8,10.97,93.5
2026-04-15T17:02:54.896521,6.0,46.5,10.97,93.5
2026-04-15T17:02:55.898470,7.0,56.7,10.97,93.5
2026-04-15T17:02:56.901539,8.0,74.7,10.97,93.5
2026-04-15T17:02:57.904837,9.0,58.7,10.99,93.7
2026-04-15T17:02:58.907636,10.0,64.3,10.99,93.7
2026-04-15T17:02:59.911950,11.0,55.0,10.98,93.6
2026-04-15T17:03:00.915460,12.0,37.8,10.98,93.6
2026-04-15T17:03:01.918144,13.0,51.9,10.99,93.7
2026-04-15T17:03:02.920769,14.0,49.5,10.99,93.6
2026-04-15T17:03:03.923827,15.0,47.4,10.98,93.6
2026-04-15T17:03:04.925955,16.0,62.0,10.99,93.6
2026-04-15T17:03:05.929645,17.1,51.2,10.99,93.6
2026-04-15T17:03:06.934034,18.1,60.4,10.98,93.6
2026-04-15T17:03:07.937287,19.1,59.3,10.99,93.7
2026-04-15T17:03:08.940932,20.1,61.2,10.98,93.6
2026-04-15T17:03:09.944331,21.1,55.2,10.98,93.5
2026-04-15T17:03:10.947418,22.1,55.4,10.93,93.2
2026-04-15T17:03:11.951775,23.1,68.1,10.93,93.2
2026-04-15T17:03:12.954947,24.1,57.0,10.94,93.2
2026-04-15T17:03:13.959408,25.1,60.8,10.95,93.3
2026-04-15T17:03:14.962167,26.1,63.2,10.96,93.4
2026-04-15T17:03:15.964541,27.1,53.3,10.96,93.4
2026-04-15T17:03:16.968486,28.1,62.4,10.99,93.6
2026-04-15T17:03:17.973797,29.1,63.7,11.01,93.8
2026-04-15T17:03:18.979970,30.1,60.2,11.01,93.8
2026-04-15T17:03:19.982940,31.1,47.5,10.99,93.7
2026-04-15T17:03:20.984992,32.1,48.2,11.0,93.8
2026-04-15T17:03:21.989488,33.1,50.0,11.0,93.8
2026-04-15T17:03:22.994253,34.1,51.5,11.0,93.8
2026-04-15T17:03:23.997442,35.1,58.2,11.0,93.8
2026-04-15T17:03:25.002389,36.1,56.3,11.0,93.7
2026-04-15T17:03:26.005603,37.1,52.8,10.99,93.7
2026-04-15T17:03:27.009861,38.1,52.3,11.0,93.8
2026-04-15T17:03:28.013736,39.1,57.6,11.01,93.8
2026-04-15T17:03:29.075602,40.2,64.4,11.01,93.8
2026-04-15T17:03:30.099962,41.2,62.7,11.0,93.8
2026-04-15T17:03:31.102973,42.2,56.9,11.0,93.8
2026-04-15T17:03:32.106611,43.2,58.1,11.0,93.8
2026-04-15T17:03:33.111165,44.2,63.6,11.01,93.8
2026-04-15T17:03:34.113908,45.2,62.3,11.0,93.7
2026-04-15T17:03:35.117836,46.2,47.3,11.02,93.9
2026-04-15T17:03:36.123851,47.2,59.6,11.04,94.1
2026-04-15T17:03:37.126784,48.2,75.2,11.04,94.1
2026-04-15T17:03:38.131086,49.3,68.6,11.05,94.2
2026-04-15T17:03:39.133318,50.3,53.1,11.05,94.2
2026-04-15T17:03:40.136194,51.3,61.0,11.04,94.1
2026-04-15T17:03:41.186300,52.3,66.7,11.05,94.2
2026-04-15T17:03:42.189598,53.3,58.8,11.04,94.1
2026-04-15T17:03:43.192269,54.3,57.4,11.04,94.1
2026-04-15T17:03:44.195166,55.3,61.7,11.05,94.2
2026-04-15T17:03:45.199434,56.3,68.1,11.05,94.2
2026-04-15T17:03:46.230855,57.4,67.4,11.04,94.1
2026-04-15T17:03:47.234183,58.4,55.6,11.04,94.1
2026-04-15T17:03:48.237995,59.4,59.1,11.05,94.2
2026-04-15T17:03:49.241332,60.4,54.8,11.05,94.2
2026-04-15T17:03:50.248797,61.4,50.1,11.05,94.1
2026-04-15T17:03:51.250539,62.4,43.1,11.05,94.2
2026-04-15T17:03:52.253467,63.4,39.1,11.05,94.2
2026-04-15T17:03:53.258536,64.4,55.2,11.05,94.2
2026-04-15T17:03:54.261526,65.4,47.5,11.05,94.2
2026-04-15T17:03:55.263125,66.4,35.0,11.05,94.2
2026-04-15T17:03:56.265718,67.4,27.4,11.05,94.2
2026-04-15T17:03:57.267230,68.4,37.6,11.05,94.2
2026-04-15T17:03:58.269321,69.4,38.4,11.05,94.2
2026-04-15T17:03:59.271084,70.4,43.5,11.05,94.2
2026-04-15T17:04:00.273054,71.4,39.2,11.04,94.1
2026-04-15T17:04:01.275641,72.4,34.7,11.05,94.2
2026-04-15T17:04:02.278370,73.4,30.7,11.05,94.2
2026-04-15T17:04:03.279669,74.4,41.9,11.05,94.2
2026-04-15T17:04:04.282635,75.4,41.0,11.05,94.2
2026-04-15T17:04:05.285761,76.4,38.7,11.05,94.2
2026-04-15T17:04:06.289675,77.4,37.8,11.05,94.2
2026-04-15T17:04:07.292523,78.4,43.3,11.05,94.2
2026-04-15T17:04:08.294246,79.4,45.5,11.05,94.2
2026-04-15T17:04:09.296172,80.4,57.8,11.05,94.2
2026-04-15T17:04:10.302466,81.4,52.2,11.04,94.1
2026-04-15T17:04:11.304982,82.4,44.1,11.05,94.2
2026-04-15T17:04:12.308543,83.4,42.1,11.05,94.2
2026-04-15T17:04:13.310967,84.4,39.0,11.05,94.2
2026-04-15T17:04:14.313269,85.4,43.5,11.05,94.2
2026-04-15T17:04:15.315215,86.4,37.5,11.05,94.2
2026-04-15T17:04:16.318462,87.4,40.8,11.05,94.2
2026-04-15T17:04:17.320633,88.4,39.6,11.06,94.3
2026-04-15T17:04:18.323723,89.4,52.9,11.06,94.3
2026-04-15T17:04:19.325699,90.4,56.1,11.07,94.3
2026-04-15T17:04:20.425769,91.5,68.4,11.05,94.2
2026-04-15T17:04:21.430574,92.6,47.7,11.06,94.3
2026-04-15T17:04:22.433550,93.6,41.4,11.06,94.3
2026-04-15T17:04:23.437296,94.6,49.4,11.06,94.3
2026-04-15T17:04:24.440443,95.6,49.3,11.06,94.2
2026-04-15T17:04:25.442917,96.6,45.6,11.06,94.3
2026-04-15T17:04:26.445497,97.6,41.7,11.06,94.3
2026-04-15T17:04:27.447619,98.6,50.5,11.06,94.3
2026-04-15T17:04:28.452083,99.6,50.6,11.07,94.3
2026-04-15T17:04:29.454345,100.6,42.5,11.06,94.3
2026-04-15T17:04:30.456528,101.6,42.6,11.05,94.2
2026-04-15T17:04:31.459008,102.6,51.2,11.05,94.2
2026-04-15T17:04:32.461002,103.6,46.3,11.05,94.2
2026-04-15T17:04:33.462723,104.6,46.0,11.05,94.2
2026-04-15T17:04:34.467555,105.6,51.5,11.04,94.1
2026-04-15T17:04:35.472250,106.6,55.2,11.05,94.2
2026-04-15T17:04:36.474528,107.6,55.7,11.05,94.2
2026-04-15T17:04:37.477087,108.6,67.9,11.0,93.8
2026-04-15T17:04:38.479362,109.6,53.2,11.0,93.7
2026-04-15T17:04:39.483046,110.6,57.7,11.0,93.8
2026-04-15T17:04:40.485474,111.6,49.6,11.0,93.7
2026-04-15T17:04:41.487867,112.6,45.1,11.0,93.8
2026-04-15T17:04:42.491984,113.6,50.6,11.0,93.8
2026-04-15T17:04:43.493976,114.6,48.7,11.0,93.8
2026-04-15T17:04:44.496309,115.6,46.7,11.0,93.8
2026-04-15T17:04:45.498882,116.6,55.9,11.01,93.8
2026-04-15T17:04:46.500961,117.6,52.7,11.01,93.8
2026-04-15T17:04:47.503483,118.6,56.2,11.03,94.0
2026-04-15T17:04:48.505544,119.6,63.2,11.03,94.0
2026-04-15T17:04:49.507710,120.6,51.4,11.01,93.8
2026-04-15T17:04:50.510417,121.6,48.6,11.01,93.9
2026-04-15T17:04:51.513027,122.6,49.9,11.02,93.9
2026-04-15T17:04:52.515114,123.6,47.8,11.0,93.7
2026-04-15T17:04:53.517741,124.6,53.0,10.99,93.7
2026-04-15T17:04:54.520109,125.6,50.1,10.99,93.7
2026-04-15T17:04:55.522107,126.6,43.9,10.99,93.7
2026-04-15T17:04:56.524654,127.6,43.0,10.99,93.7
2026-04-15T17:04:57.527164,128.6,44.6,10.99,93.7
2026-04-15T17:04:58.532181,129.7,42.6,11.0,93.7
2026-04-15T17:04:59.537054,130.7,50.2,11.0,93.7
2026-04-15T17:05:00.541564,131.7,44.2,11.0,93.7
2026-04-15T17:05:01.544034,132.7,40.8,10.99,93.7
2026-04-15T17:05:02.549537,133.7,46.2,10.99,93.7
2026-04-15T17:05:03.553623,134.7,49.4,10.99,93.7
2026-04-15T17:05:04.556142,135.7,55.5,10.99,93.6
2026-04-15T17:05:05.559420,136.7,42.7,10.99,93.7
2026-04-15T17:05:06.561780,137.7,55.1,10.99,93.7
2026-04-15T17:05:07.563937,138.7,55.1,11.01,93.8
2026-04-15T17:05:08.565788,139.7,44.0,11.0,93.8
2026-04-15T17:05:09.628080,140.7,63.3,10.99,93.7
2026-04-15T17:05:10.633752,141.8,51.3,11.0,93.7
2026-04-15T17:05:11.635395,142.8,45.9,11.0,93.7
2026-04-15T17:05:12.637318,143.8,44.5,11.0,93.8
2026-04-15T17:05:13.639140,144.8,42.1,11.0,93.8
2026-04-15T17:05:14.641175,145.8,46.0,11.0,93.8
2026-04-15T17:05:15.644888,146.8,43.6,11.0,93.8
2026-04-15T17:05:16.648935,147.8,50.7,11.0,93.7
2026-04-15T17:05:17.654198,148.8,48.8,10.99,93.7
2026-04-15T17:05:18.658113,149.8,45.8,11.0,93.7
2026-04-15T17:05:19.662139,150.8,48.4,10.99,93.6
2026-04-15T17:05:20.665547,151.8,39.9,10.98,93.6
2026-04-15T17:05:21.668238,152.8,39.6,10.99,93.7
2026-04-15T17:05:22.670763,153.8,42.9,10.98,93.6
2026-04-15T17:05:23.672674,154.8,40.4,10.99,93.7
2026-04-15T17:05:24.675639,155.8,43.2,10.99,93.7
2026-04-15T17:05:25.677931,156.8,40.8,10.98,93.6
2026-04-15T17:05:26.680440,157.8,41.2,10.99,93.7
2026-04-15T17:05:27.682978,158.8,48.7,10.99,93.7
2026-04-15T17:05:28.686079,159.8,41.4,11.0,93.7
2026-04-15T17:05:29.691935,160.8,47.8,10.99,93.7
2026-04-15T17:05:30.693602,161.8,43.0,10.99,93.7
2026-04-15T17:05:31.695369,162.8,43.4,10.99,93.7
2026-04-15T17:05:32.697265,163.8,41.0,10.99,93.7
2026-04-15T17:05:33.699758,164.8,42.1,10.99,93.7
2026-04-15T17:05:34.705531,165.8,39.1,10.99,93.7
2026-04-15T17:05:35.709937,166.8,42.1,10.99,93.7
2026-04-15T17:05:36.713078,167.8,47.8,10.99,93.7
2026-04-15T17:05:37.715555,168.8,44.7,11.0,93.8
2026-04-15T17:05:38.717564,169.8,48.7,11.0,93.8
2026-04-15T17:05:39.719180,170.8,54.2,10.99,93.6
2026-04-15T17:05:40.721958,171.8,51.8,10.99,93.7
2026-04-15T17:05:41.725652,172.8,57.3,11.0,93.7
2026-04-15T17:05:42.728271,173.8,58.8,10.99,93.7
2026-04-15T17:05:43.730991,174.9,66.2,10.97,93.5
2026-04-15T17:05:44.732262,175.9,42.9,10.98,93.6
2026-04-15T17:05:45.733918,176.9,45.2,10.98,93.6
2026-04-15T17:05:46.735273,177.9,42.1,10.98,93.6
2026-04-15T17:05:47.737222,178.9,44.3,10.98,93.6
2026-04-15T17:05:48.739923,179.9,55.3,11.0,93.7
2026-04-15T17:05:49.741493,180.9,46.6,10.97,93.5
2026-04-15T17:05:50.743257,181.9,39.7,10.99,93.6
2026-04-15T17:05:51.745602,182.9,48.2,10.98,93.6
2026-04-15T17:05:52.748242,183.9,41.2,10.98,93.6
2026-04-15T17:05:53.750118,184.9,46.1,10.98,93.6
2026-04-15T17:05:54.751819,185.9,63.3,10.99,93.7
2026-04-15T17:05:55.753861,186.9,37.4,10.99,93.6
2026-04-15T17:05:56.755519,187.9,42.6,10.98,93.6
2026-04-15T17:05:57.757386,188.9,41.2,10.99,93.7
2026-04-15T17:05:58.759130,189.9,41.3,11.0,93.8
2026-04-15T17:05:59.762538,190.9,42.0,10.99,93.6
2026-04-15T17:06:00.765286,191.9,35.9,10.99,93.7
2026-04-15T17:06:01.767519,192.9,37.8,10.99,93.6
2026-04-15T17:06:02.769621,193.9,35.8,10.99,93.7
2026-04-15T17:06:03.771227,194.9,48.5,10.99,93.7
2026-04-15T17:06:04.772907,195.9,37.5,10.99,93.7
2026-04-15T17:06:05.774684,196.9,34.9,10.99,93.7
2026-04-15T17:06:06.776202,197.9,32.6,10.99,93.7
2026-04-15T17:06:07.778723,198.9,42.0,10.99,93.7
2026-04-15T17:06:08.780526,199.9,37.5,11.0,93.7
2026-04-15T17:06:09.782444,200.9,40.3,10.99,93.6
